Data;Imieniny
01-01;Almachiusz, Eufrozyna, Fulgencjusz, Fulgenty, Józef, Konkordiusz, Maria, Masław, Miecisław, Mieczysław, Mieczysława, Miesław, Mieszko, Mojsław, Odylon, Odys, Odyseusz, Piotr, Walenty, Walentyn, Wilhelm, Wincenty
01-02;Abel, Achacjusz, Achacy, Adelard, Argea, Argeus, Aspazja, Aspazjusz, Aspazy, Bazyla, Bazyli, Bazyliusz, Dobiemir, Grzegorz, Jakubina, Makary, Marcelin, Martynian, Narcyz, Stefania, Strzeżysław, Sylwester, Sylwestra, Telesfor, Telesfora, Teodor
01-03;Anter, Arleta, Cyriak, Cyryn, Cyryna, Daniel, Danuta, Enoch, Genowefa, Gordiusz, Meliton, Piotr, Pryma, Prymus, Teogenes, Teona, Teonas, Włościsława, Zdzisława
01-04;Aniela, Benedykta, Dafroza, Dobromir, Doroteusz, Elżbieta, Eugeniusz, Fereol, Grzegorz, Krystiana, Rygobert, Suligost, Tytus
01-05;Amata, Amelia, Edward, Edwarda, Emiliana, Eufrazjusz, Jan Nepomucen, Marcelina, Piotr, Roger, Symeon, Szymon, Włościbor
01-06;Andrzej, Baltazar, Bolemir, Epifania, Jędrzej, Kacper, Karol, Kasper, Manomir, Melaniusz, Melchior, Miłowit, Norman, Rafaela, Wiltruda
01-07;Chociesław, Julian, Kanut, Kryspin, Lucjan, Łucjan, Mateusz, Nicetas, Rajmund, Rajmunda, Rajnold, Teodor, Walenty, Walentyn, Wirginia
01-08;Albert, Apolinary, Erhard, Heladia, Heladiusz, Laurencjusz, Laurenty, Maksym, Mroczysław, Mścisław, Seweryn, Teofil, Wawrzyniec
01-09;Adrian, Adrianna, Alicja, Antoni, Bracsław, Julian, Marcelin, Marcjanna, Mścisława, Piotr, Przemir
01-10;Agaton, Anna, Dobrosław, Egidia, Grzegorz, Idzi, Jan, Kolumba, Leonia, Marcjan, Mojmir, Nikanor, Nikanora, Paweł, Petroniusz, Piotr, Wilhelm
01-11;Anastazy, Feliks, Hilary, Honorata, Hortensja, Hortensjusz, Hygin, Krzesimir, Małomir, Matylda, Mechtylda, Melchiades, Odon, Palemon, Palemona, Paulin, Salwiusz, Teodozjusz, Teodozy, Tezeusz, Tomasz
01-12;Aelred, Antoni, Arkadia, Arkadiusz, Arkady, Benedykt, Bernard, Bonet, Bonita, Bonitus, Cezaria, Czasława, Czesława, Ernest, Eutropiusz, Greta, Jan, Małgorzata, Marcin, Piotr, Stomir, Tacjana, Tygriusz, Wiktorian, Wiktoriana
01-13;Bogumił, Bogusąd, Falisław, Glafyra, Godfryd, Gotfryd, Hilary, Judyta, Leoncjusz, Melania, Remigia, Remigiusz, Weronika
01-14;Amadea, Dacjusz, Feliks, Helga, Hilary, Krystiana, Makryna, Malachiasz, Mściwuj, Nina, Odoryk, Piotr, Radogost, Rajner, Sabbas
01-15;Aleksander, Arnold, Dalemir, Dąbrówka, Dobrawa, Domasław, Domosław, Eligia, Eligiusz, Franciszek, Habakuk, Ida, Jan, Makary, Maksym, Maur, Micheasz, Paweł, Piotr, Tarsycja
01-16;Furzeusz, Gonsalwy, Hilary, Honorat, Marceli, Otto, Otton, Piotr, Treweriusz, Trzebowit, Tycjan, Tycjana, Waleriusz, Włodzimierz, Włodzimir, Włodzimira
01-17;Alba, Antoni, Jan, Julian, Merul, Przemił, Rosław, Rosława, Rościsław, Rozalinda, Sulpicja, Sulpicjusz, Teodor
01-18;Ammonia, Ammoniusz, Atenogenes, Beatrycze, Bogumił, Krystyna, Liberata, Lubart, Małgorzata, Monika, Pryska, Regina, Sędziwoj, Wenerand, Woluzjan, Zuzanna
01-19;Abundancja, Adalryk, Alderyk, Basjan, Basjana, Bernard, Erwin, Erwina, Eufemia, Germana, Germanik, Geroncjusz, Henryk, Jan, Januariusz, January, Józef, Juliusz, Kaliksta, Kalista, Kanut, Marceli, Mariusz, Marta, Matylda, Paweł, Pia, Poncjan, Racimir, Sara, Saturnin, Wulstan
01-20;Dobiegniew, Dobroniega, Dobrożyźń, Dobrzegniew, Eutymiusz, Euzebiusz, Fabian, Fabiana, Maur, Sebastian
01-21;Agnieszka, Awit, Awita, Długomił, Epifani, Epifaniusz, Eulogia, Eulogiusz, Jan Chrzciciel, Jarosław, Jarosława, Jerosława, Józef, Józefa, Krystiana, Meinrad, Patrokles, Publiusz, Sobiesława
01-22;Anastazy, Dobromysł, Dominik, Dorian, Gaudencjusz, Gaudenty, Jutrogost, Kasandra, Laura, Mateusz, Sulisław, Uriel, Wincenty
01-23;Agatangel, Akwila, Anicet, Aniceta, Bartłomiej, Bernard, Daniel, Emerencja, Filip, Henryk, Ildefons, Jan, Kadok, Klemens, Konstanty, Łukasz, Maksym, Maria, Michał, Onufry, Rajmund, Rajmunda, Sewerian, Uniemir, Wincenty, Wrocsława
01-24;Babilas, Chwalibog, Felicjan, Franciszek Salezy, Ksenia, Milena, Mirogniew, Rafał, Urban, Teodor, Tymoteusz, Wera
01-25;Ananiasz, Apollon, Artemia, Barcław, Emanuel, Emanuela, Juwentyn, Maksym, Miłobor, Miłosz, Paweł, Pęcisława, Projektus
01-26;Andrzej, Ksenofont, Leon, Leona, Małostryj, Paula, Skarbimir, Teogenes, Tymoteusz, Tytus, Żeligniew
01-27;Adalruna, Alruna, Chryzostom, Dacjusz, Datyw, Elwira, Henryk, Jan, Jerzy, Julian, Karolina, Leander, Leandra, Natalis, Ninomysł, Przemysław, Przybysław, Przybyrad, Rozalia, Teodoryk, Witalian
01-28;Augustyn, Blizbor, Boguwola, Flawian, Jakub, Julian, Kalinik, Karol, Krzesąd, Leonid, Manfred, Manfreda, Maria, Olimpia, Piotr, Radomir, Roger, Świedarg, Tomasz, Tyrs, Waleriusz, Walery
01-29;Aniela, Bolesława, Bona, Ewangelina, Gildas, Ismena, Konstancjusz, Maur, Papiasz, Sabrina, Sulpicja, Sulpicjusz, Waleriusz, Wielisława, Zdziesław, Zdzisław, Żelisław
01-30;Adalgunda, Adelajda, Aldegunda, Aleksander, Batylda, Bronisław, Cyntia, Dobiegniew, Dobrogniewa, Feliks, Gerard, Gerarda, Hiacynta, Maciej, Marcin, Martyna, Piotr, Sebastian, Teofil
01-31;Cyrus, Eudoksja, Emma, Euzebiusz, Franciszek Ksawery, Geminian, Jan, Ksawery, Ludwika, Marcela, Melaniusz, Rościgniew, Smysława, Spycigniew
02-01;Brygida, Cecyliusz, Dziadumiła, Emil, Paweł, Pioniusz, Piotr, Prosimir, Sewer, Siemirad, Weridiana, Winand, Winanda, Wirydiana, Zybart, Zybert, Zybracht, Zygbert, Żegota
02-02;Andrzej, Berwin, Ermentruda, Filip, Franciszek, Gonsalwy, Jan, Joanna, Katarzyna, Kornel, Korneli, Korneliusz, Laurencjusz, Laurenty, Marcin, Maria, Markwart, Mikołaj, Miłosław, Miłosława, Piotr, Stefan, Symeon, Teodoryk, Teofan, Wawrzyniec, Werner
02-03;Ansgar, Ansgary, Błażej, Błażeja, Celeryn, Celeryna, Hipolit, Hipolita, Ignacy, Jan, Klaudyna, Maksym, Ofelia, Oskar, Telimena, Uniemysł, Uniesława, Wawrzyniec
02-04;Andrzej, Awentyn, Częstogoj, Eustachia, Eustachiusz, Eustachy, Gilbert, Izyda, Izydor, Jan, Joanna, Józef, Mariusz, Weronika, Witosława
02-05;Adelajda, Agata, Albwin, Awit, Awita, Dobiemir, Elpin, Indracht, Jakub, Lubodrog, Modest, Przybygniew, Rodomił, Sabbas i Strzeżysława
02-06;Amand, Amanda, Antoni, Bogdan, Bogdana, Bohdan, Bohdana, Dorota, Gaston, Joachim, Leon, Leona, Paweł, Szymon, Tytus, Wedast, Zdziewit
02-07;Alfons, Antoni, Egidia, Egidiusz, Eugenia, Idzi, Jakub, Mojżesz, Partenia, Parteniusz, Romeusz, Romuald, Rozalia, Ryszard, Sulimir, Sulisław, Teodor, Wilhelm
02-08;Ampeliusz, Gabriela, Gniewomir, Gniewosądka, Hieronim, Honorat, Izajasz, Jan, Józefina, Juwencja, Juwencjusz, Lucjusz, Łucjusz, Mirogniew, Paweł, Piotr, Polikarp, Salomon, Sebastian, Stefan
02-09;Ansbert, Apolonia, Bernard, Cyryl, Donat, Felicjan, Gorzysław, Jakub, Marian, Nicefor, Pelagia, Pola, Pryma, Prymus, Reginald, Sabin, Sulisława
02-10;Apollon, Gabriel, Haralampia, Haralampiusz, Jacek, Jacenty, Michał, Scholastyka, Sotera, Tomił, Tomisława, Trojan, Wilhelm
02-11;Adolf, Adolfa, Benedykt, Bernadeta, Bertrada, Cedmon, Dezyderia, Dezyderiusz, Dezydery, Grzegorz, Heloiza, Jonasz, Lucjusz, Łazarz, Łucjusz, Maria, Olgierd, Paschalis, Sekundyn, Seweryn, Świętomira, Teodora, Wiktoria
02-12;Aleksy, Ammonia, Antoni, Bartłomiej, Benedykt, Damian, Eulalia, Ewa, Feliks, Gaudenty, Gerard, Grzegorz, Jakub, Jan, Julian, Juwencjusz, Laurenty, Ludan, Ludwik, Maryna, Melecjusz, Mikołaj, Modest, Norma, Paweł, Radosław, Saturnin, Saturnina, Tomasz, Trzebiesława
02-13;Beatrycze, Benignus, Benigny, Emnilda, Eulogiusz, Fulkran, Gilbert, Grzegorz, Humbelina, Jakub, Jordan, Jordana, Julian, Kastor, Katarzyna, Krystyna, Licyniusz, Martynian, Maura, Paweł, Polieukt, Stefan, Toligniew
02-14;Abraham, Antonin, Cyryl, Dionizja, Dionizy, Dobiesława, Eleukadiusz, Florentyn, Jan Chrzciciel, Jerzy, Jordan, Józef, Konrad, Krystyna, Liliana, Lilianna, Lilla, Metody, Mikołaj, Modest, Niemir, Nostrian, Piotr, Teodozja, Walenty, Walentyn, Wincenty, Witalis, Zenon
02-15;Faust, Faustyn, Galfryd, Gliceriusz, Glicery, Joachim, Jordan, Jordana, Jowita, Józef, Julia, Klaudiusz, Onezym, Pakosław, Pakosława, Przybyrad, Saturnin, Sewer, Teogenes, Wirginia, Zygfryd, Zygfryda, Żywila
02-16;Bernard, Czcisław, Daniel, Danuta, Dominik, Eliasz, Filipa, Flawian, Gilbert, Izajasz, Jarema, Jeremi, Jeremiasz, Julian, Juliana, Julianna, Józef, Ludan, Marcjan, Maria, Marian, Marut, Maruta, Marutas, Mikołaj, Samuel, Symeon, Szymon, Teodul, Wirydiana, Zoe
02-17;Aleksja, Aleksy, Anastazy, Bartłomiej, Benedykt, Bonfilia, Bonfiliusz, Donat, Faustyn, Fintan, Flawian, Franciszek, Gerard, Jan, Julian, Klemens, Konstanty, Łukasz, Marianna, Michał, Niegowoj, Polichroniusz, Reginald, Romulus, Sylwan, Sylwin, Sylwina, Teodulf, Wilhelm, Zbigniew
02-18;Agapit, Albert, Aleksander, Antoni, Bernadeta, Flawia, Flawian, Flawiusz, Franciszek, Gertruda, Heladia, Heladiusz, Jan, Klaudiusz, Konstancja, Konstantyna, Kosma, Lucjusz, Łucjusz, Maksym, Marcin, Mojżesz, Sylwan, Symeon, Wespazjan, Więcesława, Wilhelm
02-19;Alwar, Arnold, Barbacy, Barbat, Beat, Biecsława, Bonifacy, Czcisław, Gawin, Henryk, Jerzy, Józef, Julian, Konrad, Konrada, Leoncjusz, Łucja, Manswet, Marceli, Publiusz, Tuliusz, Walery
02-20;Amata, Aulus, Eleuteria, Eleuteriusz, Eleutery, Elżbieta, Euchariusz, Euchary, Eustachiusz, Eustachy, Falkon, Franciszek, Hiacynta, Jan, Julia, Leon, Leona, Lubomir, Ludomił, Ludomiła, Ludomir, Nila, Nilus, Peleusz, Serapion, Siestrzewit, Sylwan, Ulryk, Walery, Zenobiusz
02-21;Eleonora, Eustacjusz, Feliks, Fortunat, Gumbert, Henryka, Kiejstut, Natalis, Pepin, Piotr, Robert, Sewerian, Wyszeniega, Wyszetrop
02-22;Arystion, Chociebąd, Jakub, Konkordia, Maksymian, Małgorzata, Marold, Marwald, Nikifor, Papiasz, Paschazy, Wiktor, Wrocisław
02-23;Będzimir, Damian, Damiana, Feliks, Florentyn, Izabela, Łazarz, Marta, Milburga, Montan, Polikarp, Prymian, Romana, Stefan
02-24;Bogusz, Bogurad, Borzygniew, Ermegarda, Eunika, Flawian, Irmegarda, Jan, Józefa, Julian, Lucjusz, Łucjusz, Maciej, Marek, Modest, Montan, Sergiusz, Wieledrog
02-25;Adam, Antonina, Bolebor, Cezariusz, Cezary, Dioskur, Donat, Gromisław, Herena, Just, Konstancjusz, Lubart, Modest, Nicefor, Papiasz, Romeusz, Serapion, Tarazjusz, Tolisław, Tolisława, Walburga, Wiktor, Wiktoryn
02-26;Aleksander, Aleksandra, Bogumił, Dionizy, Faustynian, Gerlinda, Klaudian, Lutmiar, Lutosława, Mirosław, Mirosława, Nikolina, Nestor, Otokar, Porfiriusz, Porfiry
02-27;Anastazja, Achacy, Achacjusz, Anna, Auksencja, Auksencjusz, Auksenty, Baldomer, Baldomera, Bazyli, Gabriel, Honoryna, Julian, Laila, Leander, Leandra, Orfeusz, Prokop, Sierosława, Sirosława
02-28;Antonia, Bogurad, Falibog, Gaja, Gajusz, Hilary, Józef, Kaja, Lech, Ludomir, Makary, Nadbor, Oswald, Roman, Sylwana, Tymoteusz
02-29;Antonia, August, Dobrosiodł, Oswald, Roman
03-01;Albin, Aldona, Antoni, Budzisław, Dawid, Eudokia, Feliks, Herakles, Herkulan, Herkules, Joanna, Józef, Leon, Leona, Radosław, Switbert
03-02;Absalon, Agnieszka, Franciszek, Helena, Henryk, Januaria, Karol, Krzysztof, Łukasz, Michał, Paweł, Prosper, Radosław
03-03;Asteriusz, Gerwin, Gerwina, Hieronim, Kinga, Kunegunda, Maryna, Wierzchosława
03-04;Adrian, Adrianna, Arkadia, Arkadiusz, Arkady, Gerard, Gerarda, Humbert, Jakubina, Kazimierz, Leonard, Lucjusz, Łucjusz, Nestor, Piotr, Placyda, Witosław
03-05;Adrian, Fryderyk, Jan, Marek, Markusław, Oliwia, Pakosław
03-06;Agnieszka, Eugenia, Frydolin, Jordan, Klaudian, Koleta, Róża, Wiktor
03-07;Bazyli, Efrem, Elpidia, Elpidiusz, Eubul, Eugeniusz, German, Felicyta, Morzysław, Nadmir, Paweł, Perpetua, Teofilakt, Teresa
03-08;Beata, Filemon, Jan, Julian, Miligost, Miłogost, Stefan, Wincenty
03-09;Dominik, Franciszka, Grzegorz, Kandyd, Katarzyna, Mścisława, Przemyślibor, Samanta
03-10;Aleksander, Cyprian, Eugenia, Gaja, Gajusz, Makary, Piotr, Porfirion, Symplicjusz, Symplicy, Zwnisława
03-11;Balbina, Benedykt, Dominik, Drogosława, Eulogiusz, Eutymiusz, Jan, Kandyd, Konstanty, Konstantyn, Nawoj, Sofroniusz, Sylwia, Świetlana, Tala, Talus, Teresa, Trofim
03-12;Bernard, Biernat, Blizbor, Grzegorz, Józefina
03-13;Bożena, Bratomir, Ernest, Ewa, Kasjan, Krystyna, Marek, Markusław
03-14;Afrodyzja, Afrodyzjusz, Afrodyzy, Bożeciecha, Eutychiusz, Ewa, Fawila, Jakub, Leon, Leona, Łazarz, Matylda, Piotr, Pamela
03-15;Gościmir, Heloiza, Klemens, Krzysztof, Leokrycja, Longin, Longina, Ludwika, Luiza, Matrona, Nikander, Nikandra, Placyd, Probus, Zachariasz, Zachary
03-16;Abraham, Agapit, Antoni, Artemia, Budzimir, Cyriak, Dzirżyterg, Gabriel, Herbert, Herybert, Hiacynt, Hilary, Izabela, Julian, Karol, Longin, Miłostryj, Natalis, Patrycjusz, Patrycy, Patryk, Przybymir, Walenty, Walentyn
03-17;Agrykola, Ambroży, Cieszysław, Gertruda, Józef, Patrycjusz, Patrycy, Patryk, Paweł, Regina, Witburga, Zbigniew, Zbygniew, Zbygniewa
03-18;Aleksander, Anzelm, Boguchwał, Cyryl, Edward, Marta, Narcyz, Salwator
03-19;Bogdan, Józef, Marek, Markusław, Sybilla
03-20;Aleksander, Aleksandra, Ambroży, Anatol, Archip, Bogusław, Cyriaka, Ermegarda, Eufemia, Fotyna, Hipolit, Irmegarda, Józefa, Klaudia, Klemens, Kutbert, Matrona, Maurycy, Nicetas, Rafał, Wincenty, Wolfram
03-21;Benedykta, Filemon, Filemona, Klemencja, Lubomir, Ludomir, Ludomira, Mikołaj, Pafnucy, Serapion, Teodul
03-22;August, Baldwin, Baldwina, Bazyli, Benwenut, Boguchwał, Bogusław, Bogusława, Godzisław, Katarzyna, Kazimierz, Lea, Oktawian, Paweł, Zachariasz, Zachary
03-23;Benedykt, Eberhard, Feliks, Józef, Nikon, Pelagia, Piotra, Rebeka, Turybiusz, Wiktorian, Wiktoriana, Wiktorianna, Zbysław
03-24;Ademar, Aldmir, Aleksander, Bertrada, Dionizy, Dydak, Dzierżysław, Dzierżysława, Dziesława, Dzirżysława, Gabriel, Jan, Józef, Katarzyna, Marek, Oldmir, Romulus, Sewer, Sofroniusz, Szymon
03-25;Dyzma, Ireneusz, Jozafata, Lutomysł, Łucja, Maria, Mariola, Wieńczysław
03-26;Emanuel, Emanuela, Feliks, Larysa, Manuel, Manuela, Nikifor, Teodor
03-27;Aleksander, Archibald, Augusta, Benedykt, Ernest, Franciszek, Gelazy, Gelazja, Jan, Lidia, Łazarz, Macedoniusz, Narzes, Robert, Rzędzimir
03-28;Aleksander, Doroteusz, Gedeon, Guntram, Hilarion, Ingbert, Joanna, Kastor, Krzesisław, Krzysław, Malachiasz, Malkolm, Pryskus, Renata, Rogacjusz, Rogat, Stefan
03-29;Cyryl, Czcirad, Eustachy, Marek, Markusław, Ostap, Wiktoria, Wiktoryn
03-30;Amadea, Amadeusz, Amelia, Aniela, Częstobor, Dobromier, Jan, Joachim, Kwiryn, Kwiryna, Leonard, Litobor, Mamertyn, Mamertyna, Piotr, Sekundus, Zozym
03-31;Achacjusz, Achacy, Amos, Balbina, Beniamin, Bonawentura, Dobromiera, Dobromira, Gwido, Gwidon, Joanna, Kornelia, Myślidar
04-01;Celzjusz, Chionia, Florentyn, Grażyna, Hugo, Hugon, Irena, Jakubina, Katarzyna, Makary, Meliton, Miłość, Teodora, Tomasz, Tomisław, Wenancjusz, Wenanty, Zbigniew
04-02;Aaron, Abundiusz, Franciszek, Laurencja, Leopold, Leopolda, Maria, Miłobąd, Samosąd, Teodozja, Urban, Wiktor
04-03;Antoni, Benedykt, Cieszygor, Eutychia, Gandolf, Gandulf, Izbygniew, Izbygniewa, Jakub, Jan, Józef, Nicetas, Pankracy, Ryszard, Sykstus, Winicjusz
04-04;Adelajda, Ambroży, Benedykt, Izydor, Józef, Platon, Teodul, Teodulf, Wyszeniega, Zdziemir i Zdzimir
04-05;Borzywoj, Irena, Izbor, Jeremi, Jeremiasz, Julianna, Katarzyna, Krescencja, Maria, Tristan i Wincenty
04-06;Ada, Adam, Celestyna, Diogenes, Filaret, Ireneusz, Izolda, Katarzyna, Marcelin, Michał, Notger, Notker, Piotra, Platonida, Prudencjusz, Sieciesława, Świętobor, Tymoteusz, Wilhelm, Zachary, Zachariasz i Zefiryn
04-07;Donat, Epifaniusz, Hegezyp, Herman, Przecław, Rufin
04-08;Amancjusz, Apolinary, Asynkryt, August, Cezary, Cezaryna, Dionizy, Ema, Emma, Herodion, January, Julia, Julian, Makaria, Maksyma, Perpet, Perpetuus, Radosław, Walter
04-09;Achacy, Achacjusz, Antoni, Celestyna, Demetria, Demetriusz, Dobrosława, Dominika, Duszan, Eupsychia, Eupsychiusz, Franciszek, Kasylda, Katarzyna, Konrad, Maja, Marceli, Maria, Matron, Tomasz, Ubald, Wadim, Waldetruda, Walter
04-10;Afrykan, Antoni, Apoloniusz, Daniel, Ezechiel, Fulbert, Grodzisław, Henryk, Magdalena, Makary, Małgorzata, Marek, Michał, Notger, Paladiusz, Pompejusz, Terencjusz
04-11;Anioł, Antypas, Antypater, Arleta, Filip, Gemma, Helena, Herman, Hildebrand, Hildebranda, Izaak, Jaromir, Leon, Leona, Rajner
04-12;Andrzej, Damian, Józef, Juliusz, Konstanty, Konstantyn, Saba, Siemidrog, Teresa, Wiktor, Zenon, Zenona
04-13;Agatonika, Długomił, Hermenegild, Hermenegilda, Ida, Jan, Justyn, Karp, Kwintylian, Maksym, Małgorzata, Marcin, Marcjusz, Przemysł, Przemysław, Przemysława, Ursus
04-14;Ardalion, Ernestyna, Izabela, Jadwiga, Julianna, Justyna, Krzysztof, Lambert, Lamberta, Lawinia, Lawiniusz, Maksym, Maria, Myślimir, Piotr, Symplicja, Tomaida, Trofim, Tyburcja, Tyburcjusz, Tyburcy, Walerian, Wszegniew
04-15;Abel, Anastazja, Bazylisa, Cezariusz, Cezary, Eutyches, Maksym, Maro, Maron, Modest, Olimpia, Piotr, Potencjana, Potencjanna, Rodan, Sylwester, Sylwestra, Teodor, Tytus, Wiktoryn, Wszegniew
04-16;Benedykt, Bernadeta, Cecylian, Charyzjusz, Erwin, Erwina, Feliks, Julia, Joachim, Kalikst, Ksenia, Kwintylian, Lambert, Lamberta, Leonid, Marcjalis, Optat, Publiusz, Saturnin, Turybiusz, Urban
04-17;Anicet, Aniceta, Eliasz, Innocenty, Izydor, Izydora, Jakub, Józef, Katarzyna, Klara, Paweł, Radociech, Robert, Roberta, Rudolf, Salwator, Teodora
04-18;Alicja, Apoloniusz, Barbara, Bogumiła, Bogusław, Bogusława, Eleuteria, Eleuteriusz, Eleutery, Flawiusz, Gosław, Gosława, Gościsław, Maria, Ryszard, Sabina
04-19;Adolf, Adolfa, Cieszyrad, Konrada, Leon, Leona, Leontyna, Pafnucy
04-20;Agnieszka, Amalia, Antonin, Berenika, Czesław, Jagna, Nawoj, Marcelin, Marcjan, Sekundyn, Sewerian, Sulpicjusz, Szymon, Teodor, Teotym, Ursycyn, Wiktor, Zenon , Zotyk
04-21;Abelard, Aleksandra, Anastazy, Anzelm, Apollina, Apollon, Apoloniusz, Bartłomiej, Bartosz, Dobrosułka, Drogomił, Feliks, Konrad, Konrada, Roman, Żelisław
04-22;Agapit, Aital, Gaja, Gajusz, Kaja, Leon, Leona, Leonid, Leonida, Lucjusz, Łucjusz, Łukasz, Soter, Strzeżymir, Teodor, Wanesa, Wirginiusz
04-23;Achilles, Adalbert, Egidia, Feliks, Fortunat, Gabriela, Gerard, Gerarda, Helena, Idzi, Jerzy, Lena, Maria, Marol, Wojciech, Wojciecha
04-24;Aleksander, Aleksy, Antym, Bona, Doda, Egbert, Erwin, Erwina, Euzebiusz, Fidelis, Gaston, Grzegorz, Honoriusz, Horacjusz, Horacy, Jerzy, Leoncjusz, Longin, Longina, Maria, Saba, Tyberiusz, Zbywoj
04-25;Anian, Ewodia, Ewodiusz, Filon, Filona, Franciszka, Hermogenes, Jarosław, Kaliksta, Kalista, Marek, Markusław, Piotr, Radociech, Rustyk, Rustyka, Stefan, Włodzimira
04-26;Artemon, Aureliusz, Dominik, Erwina, Grzegorz, Klarencjusz, Klet, Lucydiusz, Marcelin, Mariusz, Marzena, Paschazy, Ryszard, Spycimir
04-27;Anastazy, Bożebor, Felicja, Jakub, Jan, Józef, Kanizjusz, Marcin, Ożanna, Piotr, Teodor, Teofil, Tertulian, Tertuliana, Zyta, Żelimysł
04-28;Achacjusz, Achacy, Afrodyzja, Afrodyzjusz, Afrodyzy, Arystarch, Dydym, Dydymus, Joanna, Ludwik, Marek, Maria, Menander, Pamfil, Patrycjusz, Patrycy, Patryk, Paweł, Piotr, Przybycześć, Teodora, Waleria, Witalis
04-29;Angelina, Antonia, Augustyn, Bogusław, Emilian, Ermentruda, Hugo, Hugon, Katarzyna, Krystyn, Myślimir, Paulin, Piotr, Robert, Roberta, Ryta, Sewer, Tertulia i Tychik
04-30;Afrodyzja, Afrodyzjusz, Afrodyzy, Andrea, Bartłomiej, Benedykt, Chwalisława, Donat, Eutropiusz, Jakub, Józef, Katarzyna, Kwiryn, Lilla, Ludwik, Maksencja, Maksym, Maria, Marian, Piotr, Pius, Pomponiusz, Rozamunda, Wawrzyniec
05-01;Aniela, Asaf, Berta, Briok, Floryna, Izydora, Jakub, Jeremi, Jeremiasz, Józef, Julian, Lubomir, Maja, Orencjusz, Peregryn, Petronela, Tamara, Wiwald
05-02;Anatol, Anatoliusz, Atanazy, Borys, Cyriak, Częstowoj, Eksuperiusz, Gwalbert, Teodulf, Walbert, Waldebert, Walenty, Walentyn, Walter, Zoe, Zygmunt, Zygmunta
05-03;Aleksander, Alodia, Antonina, Diodor, Diodora, Juwenalis, Leonia, Maria, Mariola, Maura, Piotr, Świętosława, Teodul, Teodulf, Tymoteusz, Wirzchosława, Wiola
05-04;Antonina, Florian, Grzegorz, January, Michał, Monika, Paulin
05-05;Anioł, Benwenut, Chociemir, Eulogia, Eulogiusz, Eutymiusz, Geroncjusz, Gotard, Hilary, Irena, Ireneusz, Iryda, Jowinian, Maksym, Nicetas, Penelopa, Peregryn, Pius, Stanisław, Stanisława, Teodor, Waldemar, Zdzibor, Zdziebor
05-06;Bartłomiej, Benedykta, Domagniew, Edbert, Ewodia, Ewodiusz, Filip, Franciszek, Jakub, Jan, Judyta, Jurand, Miłodrog, Placyd, Teodot
05-07;August, Bogdała, Domicela, Domicjan, Domicjana, Flawia, Florian, Gizela, Jan, Ludmiła, Ludomiła, Ludomira, Piotr, Róża, Stanimir, Wincenty, Wirginia
05-08;Achacjusz, Achacy, Amat, Arseniusz, Benedykt, Bonifacy, Dezyderia, Dionizy, Heladia, Heladiusz, Ida, Michał, Stanisław, Stanisława, Ulryka, Wiktor, Wiro
05-09;eat, Geroncjusz, Grzegorz, Hiacynta, Hiob, Karolina, Mikołaj, Maria, Otokar, Pachomiusz, Przebor, Stefan
05-10;Antonin, Beatrycze, Blanda, Celzjusz, Chociesław, Chocsław, Cyryn, Cyryna, Częstomir, Epimach, Feliks, Filadelf, Filadelfia, Gordian, Gordiana, Innocenty, Jan, Łazarz, Nazariusz, Nazary, Samuel, Sofronia, Sylwester, Sylwestra, Symplicjusz, Symplicy, Wiktoryna
05-11;Adalbert, Albert, Alojzy, Antym, Benedykt, Berta, Fabiusz, Filip, Franciszek, Gwalbert, Iga, Ignacy, Lutogniew, Majol, Majola, Maksym, Mamert, Mamerta, Miranda, Stella, Syzyniusz, Tadea, Tadeusz, Walbert, Waldebert, Zuzanna
05-12;Achilles, Domicela, Domicjan, Domicjana, Dominik, Epifaniusz, Flawia, German, Imelda, Jan, Jazon, Joanna, Nawoja, Nereusz, Pankracy, Plautylla, Teodora, Wszemił
05-13;Agnieszka, Aaron, Ciechosław, Cieszmir, Dobiesław, Dobiesława, Gemma, Gerard, Gerarda, Gliceria, Gloria, Jan, Magdalena, Maria, Mucjusz, Natal, Robert, Roberta, Serwacy
05-14;Ampelia, Ampeliusz, Bonifacy, Dobiesława, Dominika, Egidia, Fenenna, Idzi, Izydor, Jeremi, Jeremiasz, Koryna, Maciej, Maria, Michał, Wiktor
05-15;Atanazy, Cecyliusz, Czcibora, Dionizja, Florencjusz, Florenty, Izydor, Jan, Kasjusz, Maksym, Miłość, Nadzieja, Paweł, Piotr, Retycjusz, Retycja, Retyk, Robert, Stanibor, Strzeżysław, Symplicjusz, Symplicja, Wiktoryn, Zofia
05-16;Adam, Adamina, Andromacha, Andrzej, Brendan, Fidol, Germeriusz, Honorat, Jan Nepomucen, Jędrzej, Peregryn, Rambert, Szymon, Trzebiemysł, Ubald, Wiktorian, Wiktoriana, Wiktorianna
05-17;Antonia, Bruno, Brunon, Chwalimir, Falimir, Herakliusz, Montan, Paschalis, Sławomir, Weronika, Wiktor, Wilhelm, Wrocsława
05-18;Aleksandra, Alicja, Eryk, Eryka, Eufrazja, Faina, Feliks, Jan, Julita, Klaudia, Liberiusz, Matrona, Myślibor, Sandra, Teodot, Wenancjusz
05-19;Augustyn, Bernarda, Celestyn, Cyriaka, Dunstan, Iwo, Iwon, Iwona, Jan, Kryspin, Mikołaj, Pękosław, Pękosława, Piotr, Potencjana, Potencjanna, Pudencjana, Pudencjanna, Urban, Teofil
05-20;Aleksander, Asteriusz, Anastazy, Bernardyn, Bromir, Bronimir, Bronisąd, Elfryda, Józefa, Karol, Kolumba, Rymwid, Saturnina, Taleleusz, Teodor, Wiktoria
05-21;Antioch, Donat, Jan Nepomucen, Krzysztof, Piotr, Polieukt, Przecława, Rycheza, Ryksa, Serapion, Synezjusz, Teobald, Tymoteusz, Wiktor, Wszemir
05-22;Emil, Helena, Jan, Julia, Krzesisława, Rita, Wiesław, Wiesława, Wisława
05-23;Bolelut, Budziwoj, Dezyderia, Dezyderiusz, Dezydery, Emilia, Eufrozyna, Eutychiusz, Gwibert, Jan, Julian, Lucjusz, Łucjusz, Michał, Symeon, Wibert
05-24;Amalia, Dagmara, Dawid, Donacjan, Franciszek, Jan, Joanna, Ludwik, Maria, Milena, Orion, Tomira, Ubysława, Wanesa, Wincenty, Zuzanna
05-25;Aldhelm, Beda, Borzysław, Dionizy, Grzegorz, Heladia, Heladiusz, Imisława, Joanna, Leon, Leona, Magda, Magdalena, Marcjana, Mariusz, Wenerand, Zenobiusz
05-26;Adalwin, Adalwina, Alwin, Alwina, Angelika, Eleuteria, Eleuteriusz, Eleutery, Emil, Ewelina, Filip, Filip Neriusz, Karp, Kwadrat, Lambert, Lamberta, Paulina, Teodor, Więcemił, Zachariasz, Zachary
05-27;Augustyn, Eutropiusz, Fryderyk, Fryderyka, Jan, Julian, Juliusz, Lucjan, Magdalena, Małgorzata, Oliwer, Oliwier, Radowit, Świętobor
05-28;Augustyn, Balladyna, Bogurad, Emil, German, Heladia, Heladiusz, Herkulan, Ignacy, Jaromir, Just, Lucjusz, Łucjusz, Maria, Wiktor, Wilhelm, Wolrad
05-29;Aleksander, Andrzej, Bogusław, Ermentruda, Izbylut, Magdalena, Maksymin, Maksymina, Piotr, Rajmund, Rajmunda, Stefan, Syzyniusz, Urszula, Wilhelm
05-30;Andronik, Anastazy, Andrzej, Bazyli, Bolemysł, Brodzisław, Eksuperancjusz, Feliks, Ferdynand, Gawin, Jan, Joanna, Mirogniew, Suligniewa, Sulimir, Sulirad, Zyndram, Żanna
05-31;Feliks, Kamila, Kancjan, Kancjanela, Kancjusz, Marietta, Noe, Paschazy, Petronela, Sylwiusz, Witalis
06-01;Alfons, Bernard, Felin, Felina, Firmus, Fortunat, Hannibal, Ischyrion, Jakub, Julian, Justyn, Juwencja, Juwencjusz, Konrad, Konrada, Magdalena, Nikodem, Pamfil, Paweł, Pamela, Porfiriusz, Prokul, Seleukos, Świętopełk, Teobald, Tespezjusz, Tespezy
06-02;Blandyna, Domna, Efrem, Erazm, Eugeniusz, Florianna, Fotyn, Jaczemir, Marcelin, Maria, Marianna, Materna, Mikołaj, Mszczuja, Nicefor, Piotr, Racisław, Sadok, Trofima
06-03;Andrzej, Bratumiła, Cecyliusz, Ferdynand, Franciszek, Izaak, Jan, Joachim, Karol, Kewin, Klotylda, Laurencjusz, Laurentyn, Leszek, Maciej, Owidia, Owidiusz, Paula, Tamara, Wawrzyniec
06-04;Braturad, Dacjan, Franciszek, Gostmił, Karol, Karp, Kwiryn, Kwiryna, Metrofan, Niepełka, Optat, Pacyfik, Saturnina, Skarbisław
06-05;Bonifacy, Dobrociech, Doroteusz, Ferdynand, Genadiusz, Hildebrand, Hildebranda, Igor, Jakub, Nikanor, Nikanora, Waleria, Walter, Zenaida
06-06;Aleksander, Artemiusz, Benignus, Dominika, Filip, Gerard, Gerarda, Kandyda, Klaudiusz, Laurenty, Marceli, Maria, Norbert, Norberta, Paulina, Sydonia, Wawrzyniec, Więcerad
06-07;Anna, Antoni, Jarosław, Jeremiasz, Jeremi, Lukrecja, Meriadek, Meriadok, Paweł, Piotr, Robert, Roberta, Sabinian, Teresa, Wiesław, Wiesława, Wisław
06-08;Dobrociech, Herakliusz, Jadwiga, Jakub, Maksymin, Maksymina, Maria, Medard, Medarda, Seweryn, Wilhelm, Wyszesław
06-09;Anna, Bertrand, Efrem, Felicjan, Józef, Kanimir, Kolumb, Maksymian, Prosimir, Ryszard, Sławoj, Sylwester, Sylwestra
06-10;Amancjusz, Amata, Apollo, Asteriusz, Aureliusz, Bogumił, Bogumiła, Cecylia, Diana, Edgar, Henryk, Ingolf, Jan, Maksym, Małgorzata, Mauryn, Onufry, Tymoteusz, Wiktorian, Wiktoriana, Wiktorianna
06-11;Anastazy, Barnaba, Feliks, Fortunat, Flora, Jan, Paula, Paryzjusz, Radomił, Radomiła, Teodozja, Witomysł
06-12;Janina, Leon oraz Onufry, Jan, Antoni, Bernard, Bolesław, Czesław, Kacper, Kazimierz, Mieczysław, Stefan, Władysław, Włodzimierz, Zygmunt
06-13;Akwilina, Antoni, Chociemir, Gerard, Gerarda, Gracja, Grzegorz, Herman, Lubowid, Lucjan, Peregryn, Rambert, Tryfiliusz
06-14;Alojzy, Anastazy, Digna, Eliza, Elizeusz, Feliks, Justyn, Konstancja, Marcjan, Metody, Michał, Myślibor, Ninogniew, Rufin, Ryszard, Walery
06-15;Abraham, Adelajda, Albertyna, Angelina, Benilda, Bernard, Dula, Edburga, Eutropia, Germana, Hezychiusz, Izolda, Jolanta, Leonida, Liba, Lotar, Oliwia, Placyda, Wisław, Wisława, Wit, Witold, Witolda, Witosław
06-16;Aneta, Aubert, Aurelian, Aureusz, Benon, Benona, Cyryk, Jan, Judyta, Julita, Justyna, Ludgarda, Tychon
06-17;Adolf, Adolfa, Albert, Alina, Awit, Awita, Daria, Drogomysł, Franciszek, Gundolf, Herweusz, Hipacy, Izaur, Izaura, Laura, Marcjan, Montan, Nikander, Nikandra, Piotr, Radomił, Waleriana
06-18;Amand, Amanda, Drogomysł, Drogoradz, Drohobysz, Dzirżysława, Efrem, Elżbieta, Emil, Eufemiusz, Hipacy, Leoncjusz, Marek, Maryna, Miłobor, Ożanna, Przeborka
06-19;Bonifacy, Borzysław, Gaudencjusz, Gaudenty, Gerwazy, Grymilda, Juliana, Julianna, Michalina, Otto, Odon, Protazy, Romuald, Romualda
06-20;Adalbert, Baltazar, Benigna, Bogna, Bratomir, Edburga, Florentyna, Franciszek, Gemma, Hektor, Jan, Jan Chrzciciel, Makary, Małgorzata, Rafaela, Rafał
06-21;Alicja, Alojza, Alojzy, Chloe, Demetria, Domamir, Euzebiusz, Lutfryd, Marcja, Rajmund, Rudolf, Rudolfa, Rudolfina, Terencja, Terencjusz
06-22;Achacjusz, Achacy, Agenor, Alban, Albana, Będzieciech, Eberhard, Flawiusz, Innocenty, Jan, Paulin, Tomasz
06-23;Agrypina, Albin, Anna, Arystokles, Atanazy, Edeltruda, Jan, Józef, Maria, Sydonia, Wanda, Zenon, Zenona
06-24;Danuta, Emilia, Jan, Janina, Jan Chrzciciel, Janisław, Jarosław, Longin, Longina, Romuald, Romualda, Symplicjusz, Symplicy, Teodulf, Wilhelm
06-25;Adelbert, Antyd, Dorota, Eulogiusz, Febron, Febronia, Fiebrosław, Kineburga, Łucja, Maksym, Prosper, Prospera, Sozypater, Tolisława, Wilhelm
06-26;Dawid, Edburga, Jan, Jeremi, Jeremiasz, Maksanty, Maksencjusz, Mirogod, Paweł, Pelagia, Pelagiusz, Salwia, Salwiusz, Wigiliusz, Zdziwoj
06-27;Bogodar, Bogudar, Benwenut, Bożdar, Bożydar, Cyryl, Jan, Joanna, Maria, Maryla, Samson, Teresa, Włodzisław, Włodzisława
06-28;Argymir, Ekard, Ekhard, Heraklides, Heron, Ireneusz, Jakert, Józef, Leon, Leona, Lubomir, Marcela, Paweł, Plutarch, Seren, Serena, Wincencja, Wincenta, Wincentyna, Zbrosław
06-29;Beata, Benedykta, Dalebor, Ema, Emma, Kasja, Kasjusz, Maria, Paweł, Piotr, Rajmund
06-30;Bazyli, Bazylides, Ciechosława, Emilia, Ermentruda, Jan, Leon, Leona, Lucyna, Marcjalis, Milena, Teobald, Teobalda, Trofim, Władysław, Władysława
07-01;Aaron, Bogusław, Domicjan, Domicjana, Ekhard, Gaweł, Halina, Jakert, Julian, Karolina, Klarysa, Marcin, Marian, Namir, Otto, Otton, Szymon, Teodoryk
07-02;Bernardyn, Bogodar, Bogudar, Bożdar, Bożydar, Eugenia, Eutyches, Eutychiusz, Juwenalis, Martynian, Niegosława, Switun, Urban
07-03;Anatol, Heliodor, Jacek, Józef, Leon, Leona, Longin, Longina, Miłosław, Mirosław, Racigniew, Radomir, Teodot, Tomasz, Tryfon
07-04;Aggeusz, Alfred, Andrzej, Atanazy, Aurelian, Berta, Elżbieta, Hiacynt, Innocenty, Jacek, Jacenty, Józef, Julian, Malwin, Malwina, Odo, Ozeasz, Patrycjusz, Patrycy, Piotr, Teodor, Udalryk, Wielisław
07-05;Antoni, Atanazy, Bartosz, Cyryla, Eliasz, Filomena, Jakub, Laila, Maria, Marta, Michał, Przybywoj, Telimena, Trofima, Wilhelm, Zoe
07-06;Chociebor, Dominika, Gotard, Ignacja, Lucja, Łucja, Maria, Nazaria, Niegosław, Teresa, Zuzanna
07-07;Antonin, Benedykt, Edelburga, Estera, German, Gościwit, Hezychiusz, Ilidiusz, Ilidia, Józef, Lucjan, Metoda, Metody, Odo, Papiasz, Peregryn, Pompejusz, Saturnin, Sędzisław, Sędzisława, Wilibald
07-08;Adolf, Adolfa, Adrian, Adriana, Adrianna, Akwila, Chwalimir, Edgar, Elżbieta, Eugeniusz, Falibor, Hadrian, Hadriana, Jan, Kilian, Kiliana, Odeta, Piotr, Prokop, Teobald, Teobalda
07-09;Adolfina, Adrian, Adrianna, Aleksander, Anatola, Anatolia, Antoni, Augustyn, Barbara, Brykcjusz, Cyryl, Florianna, Heloiza, Ifigenia, Jan, Joanna, Kornel, Korneli, Korneliusz, Lucja, Łucja, Mikołaj, Róża, Sylwia, Teodoryk, Weronika, Zenon, Zenona
07-10;Aleksander, Amalberga, Amelia, Aniela, Antoni, Askaniusz, Bianor, Daniel, Emanuel, Engelbert, Filip, January, Leoncjusz, Maurycja, Maurycy, Nasława, Olaf, Racimir, Rufina, Rzędziwoj, Samson, Sekunda, Sylwan, Witalis, Zacheusz
07-11;Benedykt, Jan, Kalina, Olga, Pelagia, Pelagiusz, Pius, Placyd, Sabin, Siepraw, Wyszesława, Zybart, Zybert, Zybracht, Zygbert
07-12;Bonifacy, Bruno, Brunon, Epifania, Euzebiusz, Feliks, Hilarion, Hilariona, Himisław, Imisława, Jan Gwalbert, Janina, Jazon, Leon, Leona, Marcjanna, Natan, Paulin, Prokles, Prokul, Świętożyźń, Tatomir, Wera, Weronika
07-13;Andrzej, Benedykt, Ernest, Eugeniusz, Ezdrasz, Henryk, Joel, Małgorzata, Mildreda, Radomiła, Serapion, Sylas, Sara, Świerad, Trofima
07-14;Angelina, Bohdan, Damian, Dobrogost, Feliks, Fokas, Franciszek, Henryk, Herakles, Jakub, Kamil, Kosma, Marcelin, Tuskana, Ulryk, Wincenty
07-15;Daniel, Dawid, Egon, Henryk, Ignacy, Lubomysł, Niecisław, Roksana, Włodzimierz
07-16;Andrzej, Atenogenes, Bartłomiej, Benedykt, Carmen, Dzierżysław, Dzirżysława, Ermegarda, Eustacjusz, Eustazja, Eustazjusz, Eustazy, Faust, Irmegarda, Kanmił, Maria, Marika, Ryta, Stefan, Walenty, Walentyn
07-17;Akwilin, Aleksa, Aleksja, Aleksy, Andrzej, Aneta, Bogdan, Donata, Dzierżykraj, Feliks, Januaria, Konstancja, Leon, Leona, Marcelina, Rufina, Sekunda, Sperat, Tarsycja, Teodota, Teodozy, Teodozjusz, Westyna
07-18;Arnold, Arnolf, Arnulf, Bruno, Brunon, Drogomił, Drogomir, Drogoradz, Dziwigor, Emilian, Erwin, Eugeniusz, Fryderyk, Fryderyka, Julian, Justyn, Kamil, Krescencjusz, Krescens, Krescenty, Maryna, Matern, Nemezjusz, Nemezy, Prymityw, Robert, Roberta, Szymon, Szymona, Symforoza, Teodozja, Uniesław
07-19;Ambroży, Arseniusz, Aurea, Epafras, Justa, Lutobor, Makryna, Marcin, Piotr, Radomiła, Rufina, Symmach, Teodor, Włodzisław, Zdziesuł
07-20;Ansegiz, Aureliusz, Czesław, Czesława, Eliasz, Flawian, Flawiana, Heliasz, Hieronim, Hieronima, Leon, Leona, Ludwika, Małgorzata, Modest, Paweł, Remigia, Remigiusz, Sewera, Stosław
07-21;Andrzej, Arbogast, Benedykt, Daniel, Ignacy, Jan, Julia, Just, Klaudiusz, Laurencjusz, Laurenty, Prakseda, Wawrzyniec, Wiktor, Zotyk
07-22;Albin, Benon, Benona, Cyryl, Józef, Magdalena, Menelaus, Milena, Naczęsława, Nicefor, Platon, Stojsław, Stojsława, Teofil
07-23;polinary, Apolinaria, Bogna, Bolesław, Brygida, Jan, Joanna, Kasjan, Krystyn, Liboriusz, Olimpiusz, Romula, Żelisław
07-24;Augustyn, Gleb, Kinga, Krystyna, Krzesimir, Kunegunda, Olga, Segolena, Wiktor, Wojciecha, Zyglinda
07-25;Alfons, Antoni, Dariusz, Franciszek, Jakub, Krzysztof, Krzysztofa, Kukufas, Nieznamir, Olimpia, Paweł, Rudolf, Rudolfa, Rudolfina, Sławosław, Walentyna
07-26;Anna, Bartłomieja, Erast, Grażyna, Hanna, Hiacynt, Jacek, Jacenty, Joachim, Krystiana, Mirosława, Sancja, Symeon, Teodor, Tytus, Walenty, Walentyn, Wilhelm
07-27;Antuza, Aureliusz, Bertold, Celestyn, Celia, Celiusz, Feliks, Innocenty, Jerzy, Julia, Laurentyn, Lilioza, Lilla, Magdalena, Maur, Natalia, Nowellon, Pantaleon, Sergiusz, Stoisław, Teodor, Tomisława, Wszebor
07-28;Achacja, Achacjusz, Achacy, Alfonsa, Antoni, Celzjusz, Macieja, Melchior, Nazariusz, Nazary, Samson, Świętomir, Tymon, Tymona, Urban, Wiktor
07-29;Antonin, Beatrycze, Cirzpibog, Cirzpisława, Eugeniusz, Faustyn, Feliks, Flora, Konstantyn, Lucyla, Lucyliusz, Maria, Marta, Olaf, Prosper, Prospera, Rufin, Serapia, Symplicjusz, Symplicy, Teodor, Wilhelm
07-30;Abdon, Ingeborga, Julita, Leopold, Maksyma, Piotr, Rościsław, Sekunda, Swojsław, Ubysław, Ursus
07-31;Adam, Alfonsa, Beat, Demokryt, Emilian, Ernesta, Fabia, Fabiusz, German, Helena, Iga, Ignacy, Jan, Justyn, Lubomir
08-01;Akcjusz, Aleksander, Alfons, Antonin, Brodzisław, Eleazar, Etelwold, Justyna, Konrad, Konrada, Leoncjusz, Marceli, Nadzieja, Nemezjusz, Nemezy, Piotr, Rudolf, Rudolfa, Rudolfina, Salomea, Wiara, Wiercisław
08-02;Alfreda, Euzebiusz, Gustaw, Eliasz, Karina, Maksym, Maria, Rutyliusz, Stefan, Świętosław, Teodota
08-03;Augustyn, Cyra, Dalmacjusz, Eufroniusz, Lidia, Marana, Miłosław, Nikodem, Nikodema, Piotr, Symeon, Szczepan
08-04;Arystarch, Franciszek, Fryderyk, Jan, Justyn, Krescencjusz, Krescens, Krescenty, Maria, Mironieg, Perpetua, Pęcisław, Pęcisława, Pękosław, Prokop, Rajner, Tertulian, Tertuliana
08-05;Abel, Afra, Cyriak, Kasjan, Kasjana, Maria, Memiusz, Nonna, Oswald, Oswalda, Parys, Wenancja, Wenancjusz, Wenanty, Wirginia
08-06;Felicysym, Jakub, January, Just, Maria, Namir, Nasław, Oktawian, Stefan, Walburga, Wincenty
08-07;Agatangel, Albert, Andromeda, Dobiemiar, Donat, Dorota, Doryda, Edmund, Edmunda, Kajetan, Klaudia, Konrad, Konrada, Licynia, Licyniusz, Sykstus, Wincenty
08-08;Bonifacja, Cyriak, Cyryl, Dominik, Emilian, Esmeralda, Jan, Joanna, Largus, Maryn, Maryniusz, Miron, Mirona, Niegosław, Niezamysł, Sekundus, Sewer, Smaragd, Sylwiusz, Szmaragd
08-09;Domicjan, Domicjana, Doroteusz, Edyta, Falkon, Irena, Jan, Julian, Klarysa, Marcelin, Marcjan, Miłorad, Roman, Romuald, Ryszard, Teresa
08-10;Amadea, Amadeusz, Asteria, Bernard, Bogdan, Bogdana, Bogodar, Bogudar, Bohdan, Bohdana, Bożydar, Bożydar, Hugo, Hugon, Hugona, Laurencjusz, Laurenty, Prochor, Wawrzyniec, Wirzchosław
08-11;Aleksander, Filomena, Herman, Klara, Ligia, Lilia, Rufin, Telimena, Tyburcja, Tyburcjusz, Tyburcy, Włodzimierz, Włodzimir, Włościwoj, Zuzanna
08-12;Anicet, Aniceta, Bądzsław, Cyriak, Digna, Eunomia, Euzebiusz, Fotyn, Herkulan, Hilaria, Innocenty, Joanna, Julian, Julianna, Klara, Largus, Lech, Leonida, Makary, Wiktoria
08-13;Benild, Diana, Helena, Hipolit, Hipolita, Jan, Kasjan, Kasjana, Konkordia, Maksym, Poncjan, Radegunda, Radomiła, Sekundyn, Wigbert, Wolebor
08-14;Alfred, Atanazja, Dobrowoj, Dobrowoja, Elżbieta, Euzebiusz, Kalikst, Machabeusz, Majnard, Maksymilian, Marceli, Ursycyn
08-15;Alipiusz, Armida, Arnolf, Arnulf, Julianna, Maria, Napoleon, Stefan, Tarsycjusz, Trzebiemir
08-16;Ambroży, Anioł, Arsacjusz, Ciechosław, Diomedes, Domarad, Domasuł, Eleuteria, Eleuteriusz, Eleutery, Emil, Laurencjusz, Laurenty, Piotra, Roch, Sabbas, Stefan, Symplicjusz, Symplicy, Tytus, Wawrzyniec
08-17;Anastazy, Anita, Bertram, Bonifacy, Eliza, Euzebiusz, Hiacynt, Jacek, Jacenty, Jaczewoj, Joanna, Julianna, Klara, Liberat, Magdalena, Maksym, Maria, Miron, Mirona, Rogat, Rustyk, Rustyka, Septym, Septymiusz, Serwiusz, Straton, Zawisza, Żanna
08-18;Bogusław, Bronisław, Eryk, Eryka, Firmin, Helena, Ilona, Jan, Klara, Laura, Lena, Ludwik, Paula, Sancja, Tacjana, Tworzysława, Włodzimir, Żyrosława
08-19;Alfred, Bolesław, Donat, Emilia, Ezechiel, Jan, Julian, Juliusz, Ludwik, Luiza, Magnus, Marian, Sebald, Sykstus, Tekla, Tymoteusz, Wiktor, Wincenty
08-20;Bernard, Eliasz, Filibert, Filiberta, Hieronim, Krzysztof, Leowigild, Lucjusz, Łucjusz, Maksym, Małgorzata, Maria, Paweł, Sabin, Samuel, Samuela, Sewer, Sieciech, Świelub
08-21;Agapiusz, Anastazy, Apolinaria, Apolinary, Baldwin, Baldwina, Bernard, Cyriaka, Fidelis, Fidelisa, Franciszek, Maksymilian, Męcimir, Paulina, Pius, Wiktoria
08-22;Agatonik, Albin, Bernard, Bolesław, Cezary, Dalegor, Fabrycjan, Filip, Hipolit, Hipolita, Jan, Joachim, Lambert, Lamberta, Laurencjusz, Magdalena, Maria, Namysław, Oswald, Oswalda, Pankracy, Sieciesław, Symforian, Symforiana, Teona, Teonas, Tymoteusz, Wawrzyniec, Zygfryd, Zygfryda
08-23;Apolinary, Archelaus, Benicjusz, Brygida, Cyriak, Feliksa, Filip, Flawia, Flawian, Ireneusz, Jakub, Kalinik, Klaudiusz, Leoncja, Lubomira, Maksym, Piotra, Róża, Sulirad, Sydonia, Teonilla, Walerian, Wiktor, Zacheusz, Żelisław
08-24;Anita, Audoen, Bartłomiej, Bartosz, Cieszymir, Emilia, Eutyches, Eutychiusz, Jerzy, Joanna, Halina, Malina, Michalina, Natanael, Patrycjusz, Patrycy, Patryk
08-25;Arediusz, Elwira, Euzebiusz, Gaudencjusz, Gaudenty, Genezjusz, Grzegorz, Hermina, Józef, Julian, Kalasanty, Ludwik, Luiza, Michał, Patrycja, Peregryn, Poncjan, Teodoryk, Wincenty
08-26;Adrianna, Aleksander, Dobroniega, Fortunat, Hadrian, Hadriana, Ireneusz, Joanna, Konstancjusz, Maksymilian, Maria, Natalia, Sandra, Symplicjusz, Symplicy, Teresa, Wiktorian, Wiktoriana, Wiktorianna, Wirzchosław, Wirzchosława
08-27;Amadea, Amadeusz, Cezariusz, Cezary, Dominik, Fortunat, Gebhard, Honorat, Jan, Józef, Liceria, Liceriusz, Małgorzata, Manea, Marcelin, Monika, Przybymir, Rufus, Sabinian, Serapion
08-28;Adelinda, Aleksander, Aleksy, Alfons, Augustyn, Bibian, Bonifacy, Feliks, Fortunat, Hermes, January, Joachima, Julian, Mojżesz, Patrycja, Pelagiusz, Sobiesław, Stronisław, Wyszomir, Wyszymir
08-29;Beatrycze, Eutymiusz, Flora, Hipacy, Jan, Jan Chrzciciel, Krescencjusz, Krescens, Krescenty, Mederyk, Mederyka, Michał, Racibor, Sabina, Sebbus, Świętosław
08-30;Adaukt, Częstowoj, Częstowojna, Damroka, Feliks, Gaudencja, Ingeborga, Jan, Małgorzata, Miron, Piotr, Rebeka, Swojsław, Świetlana, Tekla
08-31;Aidan, Albertyna, Amat, Arystyda, Arystydes, Bohdan, Izabela, Józef, Nikodem, Optat, Paulin, Prymian, Rajmund, Rajmunda, Solidariusz, Świętosław, Teodot
09-01;Amon, Anna, August, Beatrycze, Bronisław, Bronisława, Donat, Dzierżysław, Egidia, Feliks, Gedeon, Idzi, Melecjusz, Michał, Miłodziad, Ruta, Sator, Satora, Sykstus, Werena, Witalis
09-02;Absalon, Adelina, Aleksander, Antonin, Apolinary, Bohdan, Czesław, Dziesław, Dionizy, Eliza, Elpidia, Elpidiusz, Franciszek, Ingryda, Jakub, Jan, Julian, Oliwier, Oktawian, Salomon, Seweryn, Sobiemysł, Stefan, Teodor, Tobiasz, Walenty, Walentyn, Wilhelm, Zenon, Zofia
09-03;Antoni, Bartłomiej, Bartosz, Bazylisa, Bronisław, Erazma, Feba, Gerard, Gerarda, Grzegorz, Izabela, Jan, Maryn, Maryniusz, Mojmir, Natalis, Przecław, Przedsław, Serapia, Szymon
09-04;Agatonik, Daniela, Hermiona, Ida, Lilianna, Rościgniew, Rozalia
09-05;Bertyn, Budziboj, Dorota, Fereol, Herakles, Herkulan, Herkules, Justyna, Peregryn, Przyboj, Racisław, Racław, Racława, Rozwita, Stronisława, Teodor, Urban, Wiktoryn, Wiktoryna
09-06;Albin, Aleksja, Amoniusz, Bertrand, Bogdana, Bolemir, Donacjan, Eleuteria, Eleuteriusz, Eleutery, Eugenia, Eugeniusz, Ewa, Faust, German, Gundolf, Liberat, Magnus, Manswet, Michał, Onezyfor, Petroniusz, Tomasz, Uniewit, Zachariasz, Zachary
09-07;Dobrobąd, Domasuł, Domasława, Eupsychia, Eupsychiusz, Gratus, Melchior, Pamfil, Regina, Ryszard, Sozont, Teodoryk
09-08;Adam, Adrian, Adriana, Adrianna, Alan, Amon, Bratumił, Euzebiusz, Maria, Nestor, Radosław, Radosława, Serafina, Teofil, Wiola, Zenon
09-09;Aniela, Audomar, Augustyn, Aureliusz, Bolemir, Bolemira, Dionizy, Doroteusz, Drogomir, Franciszek, Gorgoniusz, Jacek, Jakub, Jan, Otmar, Ożanna, Piotr, Radosława, Sergiusz, Sewerian, Sobiebor, Sobiesąd, Straton, Ścibora, Świecław
09-10;Agapiusz, Aldona, Anioł, Antoni, Bernard, Datyw, Dydym, Feliks, Franciszek, Izabela, Kandyda, Karol, Klemens, Leon, Leona, Lucjusz, Łucjusz, Łukasz, Mikołaj, Monika, Mścibor, Nemezjan, Nimfodora, Piotr, Polian, Poliana, Polianna, Pulcheria, Salwiusz, Sebastian, Sobiesław, Teodor, Wiktor
09-11;Ademar, Aisza, Bonawentura, Dagna, Diodor, Diodora, Diomedes, Dydym, Dydymus, Emilian, Feliks, Hiacynt, Jacek, Jacenty, Jan, Krzesisław, Krzesława, Naczęsław, Pafnucy, Piotr, Prot, Teodora, Wincenty
09-12;Amadeusz, Cyrus, Franciszek, Gwido, Gwidon, Juwencjusz, Macedoniusz, Maja, Maria, Marlena, Sylwin, Sylwina, Tacjan, Teodul, Teodulf
09-13;Aleksander, Amat, Apolinary, Aureliusz, Dobielut, Eugenia, Eulogia, Eulogiusz, Filip, Genadia, Jan Chryzostom, Julian, Litoriusz, Makrobiusz, Maria, Mauryliusz, Morzysław
09-14;Albert, Bernard, Jan, Matern, Piotr, Racigniew, Radomira, Roksana, Salustia, Siemomysł, Szymon, Wiktor
09-15;Albin, Dolores, Ekhard, Eutropia, Filotea, Filoteusz, Jakert, Jeremi, Jeremiasz, Kamil, Katarzyna, Lolita, Maria, Nicetas, Nikomedes, Roland, Teodor, Walerian
09-16;Abundancjusz, Antym, Cyprian, Edda, Edyta, Eufemia, Eugenia, Franciszek, Geminian, Innocencja, Innocenta, Innocentyna, Jan, Kamila, Kornel, Korneli, Korneliusz, Ludmiła, Łucja, Ninian, Sebastiana, Sędzisław, Wiktor
09-17;Cherubin, Dargosław, Dezyderiusz, Drogosław, Dziebor, Franciszek, Gordian, Hildegarda, Justyn, Justyna, Kolumba, Lambert, Lamberta, Makryn, Narcyz, Piotr, Robert, Sokrates, Szczęsna, Szczęsny, Teodora, Walerian, Zygmunt, Zygmunta
09-18;Aretas, Ariadna, Baltazar, Dobrowit, Fereol, Irena, Józef, Metody, Ryszarda, Sobierad, Stanisław, Stefania, Tytus, Zachariasz, Zofia
09-19;Alfons, Arnolf, Arnulf, Dezyderiusz, Dezydery, Eliasz, Eutychiusz, Festus, Januariusz, January, Konstancja, Maria, Marta, Nila, Nilus, Paloma, Peleusz, Prokles, Prokul, Teodor, Trofim, Więcemir, Wilhelmina, Zuzanna
09-20;Agnieszka, Andrzej, Barbara, Dionizy, Eustachiusz, Eustachy, Euzebia, Fausta, Filipa, Franciszek, Gliceriusz, Glicery, Helmut, Jan, Klemens, Matea, Miłowuj, Paweł, Perpetua, Protazy, Sokrates, Teodor, Teopist, Teopista
09-21;Aleksander, Bernardyna, Bożeciech, Daria, Euzebiusz, Hipolit, Hipolita, Ifigenia, Jonasz, Kastor, Konon, Marek, Mateusz, Maura, Melecjusz, Melisa, Pacyfik, Pamfil
09-22;Bazyla, Digna, Eksuperiusz, Emeryta, Emmeram, Emmeran, Feliks, Ignacy, Imbram, Innocenty, Joachim, Jonasz, Józefa, Kandyd, Maurycy, Prosimir, Tacjusz, Tomasz, Wiktor, Witalis
09-23;Adamnan, Andrzej, Antoni, Bernardyna, Boguchwała, Bogufała, Bogusław, Elżbieta, Jan, Konstancjusz, Krzysztof, Lina, Linus, Liwiusz, Piotr, Pius, Poliksena, Projektus, Tekla, Wiercisław, Zachariasz, Zachary, Zofia
09-24;Amata, Gerard, Gerarda, Herman, Jaromir, Kolumba, Maria, Morzysława, Pacyfik, Pafnucy, Seweryn, Tomir, Twardomir, Uniegost
09-25;Aurelia, Ermenfryd, Ermenfryda, Firmin, Franciszek, Galfryd, Gaspar, Herkulan, Irmfryd, Irmfryda, Kleofas, Minigniew, Rufus, Świętopełk, Wawrzyniec, Wincenty, Władysław, Władysława, Włodzimir, Włodzimira, Włodzisław
09-26;Amancjusz, Budziwoj, Cyprian, Damian, Euzebiusz, Kalistrat, Kasper, Kosma, Lucja, Łękomir, Łucja, Majnard, Nil, Nila, Nilus, Teresa
09-27;Adolf, Adolfa, Amadeusz, Eleazar, Gaja, Gajusz, Hiltruda, Jan, Mirabella, Mirela, Przedbor, Urban, Wawrzyniec, Wincenty, Zybert, Zybracht, Zygbert
09-28;Alodiusz, Amalia, Bernardyn, Eksuperiusz, Jan, Laurencjusz, Marek, Myślibor, Myślibora, Salomon, Sylwin, Sylwina, Tymon, Wacław, Wacława, Więcesław, Więcesława, Wawrzyniec
09-29;Cyriak, Dadzbog, Dadzboga, Dariusz, Franciszek, Fraternus, Gabriel, Gajana, Grimbald, Ludwin, Lutwin, Michalina, Michał, Mikołaj, Rafał, Rypsyma, Teodota
09-30;Euzebia, Felicja, Franciszek, Grzegorz, Hieronim, Hieronima, Honoriusz, Imisław, Jimisław, Nadzieja, Ursus, Wiktor, Znamir, Zofia
10-01;Ariel, Bawon, Cieszysław, Danuta, Jan, Julia, Krescencjusz, Krescens, Krescenty, Maksyma, Małobąd, Roman, Remigiusz, Teresa
10-02;Aleksandra, Antoni, Berengar, Berengaria, Eleuteria, Eleuteriusz, Eleutery, Leodegar, Nasiębor, Stanimir, Ursycyn, Teofil
10-03;Augustyna, Częstobrona, Cyprian, Ermegarda, Eustachy, Ewald, Ewalda, Gerard, Gerarda, Irmegarda, Kandyda, Maksymian, Romana, Sirosław, Sulibor, Teresa
10-04;Aurea, Dalewin, Dalwin, Dobromiła, Euzebiusz, Faust, Franciszek, Konrad, Konrada, Lucjan, Łucjan, Petroniusz
10-05;Apolinary, Bartłomiej, Charytyna, Donat, Donata, Eutychiusz, Faust, Faustyna, Flawia, Flawiana, Flora, Galla, Justyn, Konstancjusz, Maur, Placyd, Rajmund, Tulia, Wiktoryn
10-06;Alberta, Artur, Askaniusz, Baldwin, Baldwina, Bronisław, Bruno, Brunon, Fryderyka, Izydor, Magnus, Monika, Renat, Roman, Wiara
10-07;Amalia, Apulejusz, August, Bachus, Bakchus, Blanka, Justyna, Marceli, Marek, Maria, Mateusz, Rodsław, Rosława, Rościsława, Sergiusz, Stefan, Tekla
10-08;Artemon, Demetriusz, Ewodia, Ewodiusz, Ginter, Guncerz, Gunter, Gratus, Laurencja, Ludwik, Marcjusz, Pelagia, Symeon, Taida, Waleria
10-09;Aaron, Abraham, Arnold, Atanazja, Bogodar, Bogudar, Bożdar, Bożydar, Dionizy, Dionizjusz, Ginter, Guncerz, Gunter, Jan, Ludwik, Piotr, Przedpełk, Sara, Sybilla, Wincenty
10-10;Adalryk, Alderyk, Daniel, Dionizjusz, Dionizy, Eleuteria, Eleuteriusz, Eleutery, Eulampia, Eulampiusz, Franciszek, Gereon, German, Jan, Kalistrat, Kasjusz, Leon, Leona, Lutomir, Maria, Paulin, Paulina, Przemysław, Rustyk, Rustyka, Samuel, Tomił, Tomiła, Twardostoj, Zbigniew
10-11;Aldona, Aleksander, Andronik, Brunon, Burchard, Dobromiła, Domaczaja, Emanuel, Emilian, Emil, Firmin, Gardomir, Gromisław, Maria, Marian, Placyd, Probus, Zenaida
10-12;Cyriak, Edwin, Edwina, Eustachiusz, Eustachy, Feliks, Grodzisław, Grzymisław, Maksymilian, Maksymiliana, Serafin, Wilfryd, Witold, Witolda
10-13;Daniel, Faust, Florencjusz, Florenty, Gerald, Geraldyna, Gerbert, Honorat, January, Karp, Magdalena, Marcjalis, Maurycy, Mikołaj, Reginbald, Siemisław, Teofil, Wacław, Wacława, Wenancjusz, Wenanty
10-14;Alan, Bernard, Burchard, Dominik, Donacjan, Dzierżymir, Fortunat, Fortunata, Gaja, Gajusz, Gaudencjusz, Gaudenty, Gwendalina, Just, Kalikst, Małgorzata, Parascewa, Rustyk, Rustyka, Witalia
10-15;Antioch, Bruno, Brunon, Drogosław, Drogosława, Eutymiusz, Filipa, Gościsława, Jadwiga, Leonard, Roger, Sewer, Tekla, Teodoryk, Teresa
10-16;Ambroży, Aurelian, Dionizy, Elifia, Elifiusz, Emil, Florentyn, Gaweł, Gerard, Gerarda, Grzegorz, Iga, Jadwiga, Lubgost, Maksyma, Małgorzata, Martynian, Nereusz, Walenty, Walentyn
10-17;Augustyna, Florentyn, Heron, Ignacy, Laurentyna, Lucyna, Małgorzata, Mamelta, Marian, Niceta, Rudolf, Rudolfa, Rudolfina, Seweryna, Sulisława, Wiktor, Zuzanna
10-18;Asklepiades, Bratomił, Julian, Just, Łukasz, Miłobrat, Piotr, Remigia, Remigiusz, Siemowit, Tryfonia
10-19;Akwilin, Ferdynand, Fredeswinda, Fryda, Gabriel, Izaak, Jan, Jerzy, Kleopatra, Laura, Lucjusz, Łucjusz, Paweł, Ptolemeusz, Skarbimir, Ziemowit
10-20;Apollon, Artemiusz, Aureliusz, Aurora, Budzisława, Felicjan, Irena, Jan Kanty, Jerzy, Maria, Witalis, Żywia
10-21;Bernard, Celina, Dacjusz, Dobromił, Elżbieta, Hilarion, Jakub, Karol, Klementyna, Malchus, Pelagia, Pelagiusz, Piotr, Samuel, Urszula, Wendelin, Wszebora, Zotyk
10-22;Abercjusz, Alodia, Donat, Euzebiusz, Filip, Gliceria, Ingbert, Józefina, Kordian, Kordula, Marek, Melaniusz, Nunilona, Salomea, Sewer
10-23;Bartłomiej, Domicjusz, German, Giedymin, Gracjan, Gracjana, Gracjanna, Honorat, Ignacy, Jan, Klotylda, Małogost, Marlena, Roman, Seweryn
10-24;Alojzy, Antoni, Areta, Aretas, Boleczest, Feliks, Filip, Jan, January, Józef, Marcin, Marek, Pamfilia, Prokles, Prokul, Rafał, Septym, Walentyna
10-25;Daria, Inga, Kryspin oraz Antonin, Chryzant, Chryzanta, Cyryn, Cyryna, Gaudenty, Hilary, January, Kryspinian, Maur, Prot, Sambor, Tadea, Tadeusz, Teodozjusz, Wojmir
10-26;Amand, Amanda, Bernard, Bonawentura, Damian, Demetriusz, Ewaryst, Felicysym, Fulko, Kalistrat, Leonarda, Lucjan, Lucyna, Ludomiła, Lutosław, Łucjan, Łucjana, Marcjan, Rustyk, Rustyka
10-27;Iwona, Manfred, Sabina, Barnim, Frumencjusz, Józef, Kapitolina, Manfreda, Siestrzemił, Wielebor
10-28;Anastazja, Cyryl, Cyryla, Domabor, Faro, Fidelis, Honorat, Juda Tadeusz, Ksymena, Sabina, Szymon, Tadeusz, Wielimir, Wincenty, Wszeciech
10-29;Dalia, Dalimir, Donat, Ermelinda, Euzebia, Felicjan, Franciszek, Ida, Lubgost, Maksymilian, Narcyz, Piotr, Serafin, Teodor, Walenty, Walentyn, Wioletta, Zenobiusz, Żelibor
10-30;Anioł, Benwenuta, Edmund, Eutropia, Gerard, German, Julian, Klaudiusz, Liberat, Makary, Maksym, Marceli, Marcjan, Przemysław, Saturnin, Serapion, Sęczygniew, Sulimir, Zenobia
10-31;Alfons, Antonin, Augusta, Bega, Godzimir, Krzysztof, Krzysztofa, Kwintyn, Lucyla, Lucyliusz, Łukasz, Narcyz, Saturnin, Saturnina, Urban, Wolfgang
11-01;Andrzej, Benignus, Benigny, Cyrenia, Jakub, Jan, Julianna, Konradyn, Konradyna, Licyniusz, Marceli, Maria, Nikola, Rajner, Robert, Seweryn, Teodor, Warcisław, Wiktoryna
11-02;Agapiusz, Ambroży, Bohdan, Bohdana, Eudoksjusz, Jerzy, Malachiasz, Małgorzata, Marcjan, Stomir, Teodot, Tobiasz, Wiktoryn, Wojsław, Wojsława
11-03;Bogumił, Cezary, Chwalisław, German, Ginewra, Hubert, Huberta, Marcin, Sylwia, Szymon, Teofil, Walenty, Walentyn, Wenefryda, Witalis
11-04;Agrykola, Amancjusz, Dżesika, Emeryk, Emeryka, Florus, Franciszka, Helena, Joannicjusz, Karol, Karol Boromeusz, Modesta, Mojżesz, Mszczujwoj, Mścisława, Mściwoj, Olgierd, Perpet, Perpetua, Sędomir, Sędzimir, Witalis.
11-05;Blandyn, Blandyna, Dalimiar, Dalmir, Dominik, Filotea, Filoteusz, Florian, Gerald, Gwidon, Magnus, Marek, Sławomir, Sylwan, Teotym, Trofima
11-06;Anita, Bogdana, Daniela, Feliks, Gabriela, Hieronim, Kalinik, Krystyna, Leonard, Melaniusz, Nonnus, Teobald, Trzebowit, Walenty, Walentyn, Wincenta
11-07;Antoni, Florenty, Achilles, Amaranta, Engelbert, Florencjusz, Gizbert, Herkulan, Hezychiusz, Ingarda, Karina, Longin, Longina, Melchior, Nikander, Nikandra, Przemił, Rufus, Wilibrord, Wincenty, Żelibrat
11-08;Bogdan, Bogodar, Bogudar, Bohdan, Bożdar, Bożydar, Godfryd, Gotfryd, Jan, Józef, Klaudiusz, Klarus, Marcin, Maur, Paweł, Sewer, Sewerian, Sędziwoj, Symforian, Symforiana, Symplicjusz, Symplicy, Wiktoryn, Wilehad
11-09;Agrypin, Aleksander, Benignus, Benigny, Bogdan, Dziwigor, Elżbieta, Genowefa, Gorzysław, Joanna, Lilla, Ludwik, Nestor, Orestes, Ścibor, Świecław, Teodor, Ursyn
11-10;Andrzej, Anian, Demetriusz, Florencja, Just, Leon, Leona, Lena, Ludomir, Monitor, Nimfa, Probus, Stefan, Tryfena, Uniebog
11-11;Anastazja, Bartłomiej, Marcin oraz Alicja, Maciej, Martin, Jozafat, Menas, Pafnucy, Prot, Sobieżyr, Spycisław
11-12;Arsacjusz, Aureliusz, Cibor, Czcibor, Emilian, Gabriel, Jan, Jonasz, Jozafat, Kunibert, Nila, Nilus, Publiusz, Renat, Renata, Witold, Witolda
11-13;Daniel, Faust, Florencjusz, Florenty, Gerald, Geraldyna, Gerbert, Honorat, January, Karp, Magdalena, Marcjalis, Maurycy, Mikołaj, Reginbald, Siemisław, Teofil, Wacław, Wacława, Wenancjusz, Wenanty
11-14;Agata, Agryppa, Antyd, Damian, Elżbieta, Hipacy, Józef, Judyta, Klementyn, Kosma, Laurenty, Lewin, Serafin, Ścibor, Wszerad
11-15;Albert, Alfons, Artur, Gurias, Idalia, Józef, Leopold, Leopoldyna, Przybygniew, Roger, Sekundus
11-16;Agnieszka, Audomar, Ariel, Aureliusz, Dionizy, Edmund, Eucheriusz, Gertruda, Łucja, Małgorzata, Niedamir, Otmar, Patrokles
11-17;Alfeusz, Arabella, Dionizy, Drogomir, Drogoradz, Elżbieta, Floryn, Grzegorz, Hugo, Hugon, Jan, Jozafat, Roch, Salomea, Sulibor, Wiktoria, Zacheusz, Zbysław
11-18;Agnieszka, Aniela, Cieszymysł, Filipina, Gabriela, Galezy, Hezychiusz, Józefa, Karolina, Klaudyna, Leonard, Noe, Odo, Odon, Roman, Tomasz
11-19;Barlaam, Barbara, Dionizy, Dargosław, Elżbieta, Faust, Jakub, Kryspin, Maksym, Małowid, Matylda, Paweł, Salomea, Seweryn, Teodor
11-20;Agapiusz, Ampelia, Ampeliusz, Edmund, Eustachy, Feliks, Fortunata, Grzegorz, Lubomir, Maksencja, Maria, Narzes, Oktawia, Oktawiusz, Rafał, Sędzimir, Sylwester, Sylwestra, Symplicjusz, Symplicy, Tespezjusz, Tespezy
11-21;Albert, Elwira, Gelazja, Gelazy, Heliodor, Janusz, Kadok, Kolumban, Konrad, Maria, Regina, Rufus, Twardosław, Wiesław
11-22;Cecylia, Ernestyna, Filemon, Filemona, Marek, Maur, Salwator, Stefan, Wszemił, Wszemiła
11-23;Amfiloch, Felicyta, Fotyna, Grzegorz, Klemens, Lukrecja, Michał, Orestes, Przedwoj, Syzyniusz
11-24;Biruta, Dobrosław, Ema, Emilia, Emma, Flora, Franciszek, Gerard, Gerarda, Jan, Pęcisław, Protazy
11-25;Beatrycze, Elżbieta, Erazm, Godzimir, Józef, Katarzyna, Maria, Merkury, Mojżesz, Piotr, Tęgomir
11-26;Delfin, Dobiemiest, Jan, Konrad, Lechosław, Lechosława, Leonard, Leonarda, Sylwester
11-27;Achacjusz, Achacy, Astryda, Bernardyn, Damazy, Dominik, Franciszek, Gustaw, Gustawa, Irenarch, Jakub, Jarosław, Jozafat, Maksym, Małgorzata, Oda, Prymityw, Radosław, Stojgniew, Walerian, Walery, Wergilia, Wergiliusz, Wirgilia, Wirgiliusz, Zygfryd, Zygfryda, Żaneta
11-28;Berta, Eustachy, Feliks, Ginter, Gościrad, Grzegorz, Guncerz, Gunter, Jakub, Krescencjusz, Krescens, Kwieta, Lesław, Lesława, Manswet, Radowit, Rufus, Sostenes, Stefan, Teodora, Tristan, Urban, Walerian, Zdziesław, Zdzisław
11-29;Błażej, Błażeja, Bolemysł, Dionizy, Filomen, Franciszek, Fryderyk, Klementyna, Pafnucy, Paramon, Przemysł, Radbod, Saturnin, Siedlewit, Syzyniusz, Walter
11-30;Andrzej, Fryderyk, Justyna, Konstancjusz, Kutbert, Maura, Tadea, Zbysława, Zozym
12-01;Aleksander, Ananiasz, Antoni, Blanka, Długomił, Edmund, Eligia, Eligiusz, Ewazjusz, Florencja, Godzisław, Gosław, Gosława, Jan, Natalia, Prokul, Projektus, Rudolf, Rudolfa, Rudolfina, Sobiesław, Sobiesława
12-02;Aurelia, Balbina, Bibiana, Bibianna, Budzisław, Budzisława, Budzsław, Jan, Ludwina, Maria, Paulina, Rafał, Sulisław, Sylwan, Sylweriusz, Sylwery, Walenty, Walentyn, Wiktoryn, Zbylut
12-03;Atalia, Biryn, Ema, Emma, Franciszek, Franciszek Ksawery, Gerlinda, Hilaria, Kasjan, Kryspin, Ksawery, Lucjusz, Łucjusz, Mirokles, Sofoniasz, Uniemir
12-04;Barbara, Benon, Bernard, Bratomiła, Bratumiła, Chrystian, Ciechosław, Ciechosława, Cieszybor, Feliks, Filip, Hieronim, Jan, Klemens, Krystian, Marut, Maruta, Marutas, Melecjusz, Osmund, Teofan
12-05;Anastazy, Bartosz, Bartłomiej, Dalmacjusz, Feliks, Gerald, Geraldyna, Jan, Juliusz, Kryspin, Kryspina, Krystyna, Mikołaj, Pelin, Pelina, Pęcisława, Sabbas
12-06;Abraham, Angelika, Bonifacy, Dionizja, Emilian, Heliodor, Leoncja, Mikołaj, Morzysława, Piotr, Polichroniusz, Nikola, Tercjusz
12-07;Agaton, Ambrozja, Ambroży, Atenodor, Eutychian, Józefa, Marcin, Marcisław, Ninomysł, Polikarp, Sabin, Siemirad, Urban, Zdziemił
12-08;Alojzy, Apollo, Boguwola, Edyta, Elfryda, Euchariusz, Euchary, Hildemar, Makary, Maria, Narcyza, Patapiusz, Potapiusz, Romaryk, Świedarg
12-09;Chwalimira, Delfina, Gorgonia, Jan, Leokadia, Liboriusz, Naczęmir, Piotr, Prokul, Waleria, Wielisława, Wiesław, Wiesława, Wrocisław
12-10;Bogdał, Bogdan, Bogodał, Brajan, Daniel, Donat, Eulalia, Grzegorz, Hermogenes, Judyta, Julia, Loreta, Maria, Maur, Melchiades, Menas, Nikoleta, Polidor, Switun, Unierad, Unirad
12-11;Artur, Damazy, Daniel, Gościwit, Hieronim, Maria, Poncjan, Sabin, Stefan, Waldemar, Walenty, Walentyn, Wilburga, Wojmir
12-12;Adelajda, Aleksander, Amonaria, Bartosz, Dionizja, Edburga, Epimach, Franciszka, Gościwit, Justyn, Konrad, Konrada, Konstancjusz, Liberata, Maksanty, Maksencjusz, Merkuria, Paramon, Przybysława, Spirydion, Spirydon, Suliwuj, Synezjusz
12-13;Antioch, Antoni, Aubert, Auksencja, Auksencjusz, Auksenty, Edburga, Eugeniusz, Jodok, Łucja, Orestes, Otylia, Róża, Samboja, Walenty, Walentyn
12-14;Agnellus, Arseniusz, Bertold, Druzus, Eutropia, Gorzysław, Heron, Izydor, Jan, Nahum, Nikazjusz, Nikazy, Noemi, Pompejusz, Sławobor, Teodor, Wenancjusz, Wenanty, Wiator, Zozym
12-15;Antoni, Bachus, Bakchus, Drogosław, Drogosława, Euzebiusz, Ireneusz, Jan, Maksymin, Maksymina, Maria, Maryn, Maryniusz, Mścigniew, Mścigniewa, Nina, Saturnin, Teodor, Walerian, Weronika, Wiktor, Wolimir
12-16;Agrykola, Ananiasz, Adelajda, Albina, Alina, Deder, Dyter, Euzebiusz, Konkordiusz, Maria, Sebastian, Tyter, Walenty, Walentyn, Wolisław, Wolisława, Zdzisław, Zdzisława
12-17;Bega, Florian, Jan, Łazarz, Łukasz, Modest, Wiwina, Żerosław, Żyrosław
12-18;Auksencja, Auksencjusz, Auksenty, Bogusław, Flawit, Gościmiar, Kwintus, Miłosław, Nemezja, Rufus, Symplicjusz, Winebald, Winibald, Winibalda, Wszemir, Wunibald, Zofia, Zozym
12-19;Abraham, Anastazy, Beniamin, Bogumiła, Dariusz, Eleonora, Grzegorz, Kazimiera, Mścigniew, Nemezjusz, Nemezy, Protazja, Tymoteusz, Urban
12-20;Amon, Bogumił, Bogumiła, Dagmara, Dagna, Dominik, Eugeniusz, Krystian, Liberat, Makary, Ptolemeusz, Teofil, Ursycyn, Wincenty, Zefiryn, Zenon
12-21;Anastazy, Balbin, Festus, Gliceriusz, Glicery, Honorat, Piotr, Temistokles, Tomasz, Tomisław, Tomisława
12-22;Beata, Dobrosułka, Drogomir, Dziesława, Dziwisław, Flawian, Franciszka, Franciszka Ksawera, Gryzelda, Honorata, Ischyrion, Judyta, Ksawera, Luboradz, Zenon, Zenona
12-23;Anatola, Anatolia, Bazylides, Dagobert, Ewaryst, Ewarysta, Gelazy, Iwo, Iwona, Mardoniusz, Saturnin, Serwul, Sławomir, Sławomira, Teodul, Torlak, Wiktoria
12-24;Ada, Adam, Adamina, Adela, Delfin, Druzjan, Druzjanna, Eryk, Eryka, Ewa, Ewelina, Godzisław, Godzisława, Grzegorz, Grzymisława, Hermana, Hermina, Herminia, Irma, Irmina, Józef, Paula, Tarsylia, Zenobiusz
12-25;Anastazja, Eugenia, Maria, Mateusz, Piotr, Siemosław
12-26;Dionizy, Szczepan, Teodor, Wincencja, Wincenta, Wincentyna, Wrociwoj, Zenon, Zozym
12-27;Bartłomiej, Cezary, Fabiola, Gosław, Jan, Krystyna, Maksym, Mateusz, Przybyrad, Przybysław, Sara, Teodor, Teofan, Żaneta
12-28;Antoni, Armin, Cezary, Dobrowieść, Domna, Domniusz, Emma, Godzisław, Teofila, Teona, Teonas, Troadiusz
12-29;Dawid, Domaradz, Dominik, Ebrulf, Ekhard, Gerard, Gerarda, Gosław, Honorat, Jonatan, Krescencjusz, Krescens, Krescenty, Marceli, Marcin, Prymian, Radowit, Saturnin, Tadea, Tomasz, Trofim, Wiktor
12-30;Anizja, Anizjusz, Dionizy, Egwin, Eksuperancjusz, Eugeniusz, Liberiusz, Łazarz, Małgorzata, Marceli, Perpet, Rajner, Sewer, Uniedrog
12-31;Barbacjan, Donata, Katarzyna, Kolumba, Mariusz, Melania, Paulina, Saturnina, Sebastian, Sylwester, Sylwestra, Tworzysław, Zotyk
